Symbol,Split,Level_Name,Window_Name,Signal,Target,Baseline_Pct,Above_Pct,Below_Pct,Above_Delta_Ppt,Below_Delta_Ppt,End_State_Baseline_Pct,End_State_Adjusted_Delta_Ppt,Abs_Best_Delta_Ppt,Best_Side,n_above,n_below
ES,OOS,Globex_Open,Globex_to_Midnight,TWAP,Next session bullish,53.4636,53.5117,53.4091,0.0481,-0.0545,1.5179,-1.4634,0.0545,Below,302,267
ES,OOS,Globex_Open,Globex_to_Midnight,TWAP,Next session positive return,52.8998,52.9801,52.809,0.0803,-0.0908,1.4798,-1.389,0.0908,Below,302,267
ES,OOS,Globex_Open,Globex_to_Midnight,TWAP,Day bullish,55.536,64.5695,45.3184,9.0335,-10.2176,9.1856,1.032,10.2176,Below,302,267
ES,OOS,Globex_Open,Globex_to_Midnight,TWAP,Week bullish,59.4025,66.5563,51.3109,7.1538,-8.0916,6.1178,1.9738,8.0916,Below,302,267
ES,OOS,Globex_Open,Globex_to_Midnight,TWAP,Weekly high Friday,41.1248,45.0331,36.7041,3.9083,-4.4207,3.8985,0.5222,4.4207,Below,302,267
ES,OOS,Globex_Open,Globex_to_Midnight,TWAP,Weekly low Monday,42.8822,45.0331,40.4494,2.1509,-2.4328,1.6413,0.7915,2.4328,Below,302,267
ES,OOS,Globex_Open,Globex_to_Midnight,VWAP,Next session bullish,53.4636,54.2955,52.5735,0.8319,-0.8901,1.5179,-0.6278,0.8901,Below,294,275
ES,OOS,Globex_Open,Globex_to_Midnight,VWAP,Next session positive return,52.8998,53.7415,52.0,0.8417,-0.8998,1.4798,-0.58,0.8998,Below,294,275
ES,OOS,Globex_Open,Globex_to_Midnight,VWAP,Day bullish,55.536,65.6463,44.7273,10.1103,-10.8087,9.1856,1.6231,10.8087,Below,294,275
ES,OOS,Globex_Open,Globex_to_Midnight,VWAP,Week bullish,59.4025,67.6871,50.5455,8.2846,-8.857,6.1178,2.7392,8.857,Below,294,275
ES,OOS,Globex_Open,Globex_to_Midnight,VWAP,Weekly high Friday,41.1248,45.5782,36.3636,4.4534,-4.7612,3.8985,0.8627,4.7612,Below,294,275
ES,OOS,Globex_Open,Globex_to_Midnight,VWAP,Weekly low Monday,42.8822,46.5986,38.9091,3.7164,-3.9731,1.6413,2.3318,3.9731,Below,294,275
ES,Train,Globex_Open,Globex_to_Midnight,TWAP,Next session bullish,54.606,53.7365,55.5032,-0.8695,0.8972,0.7426,0.1546,0.8972,Below,1765,1714
ES,Train,Globex_Open,Globex_to_Midnight,TWAP,Next session positive return,54.1822,53.3711,55.0175,-0.8111,0.8353,0.7046,0.1307,0.8353,Below,1765,1714
ES,Train,Globex_Open,Globex_to_Midnight,TWAP,Day bullish,54.5847,62.8895,46.0327,8.3048,-8.552,10.0078,-1.4558,8.552,Below,1765,1714
ES,Train,Globex_Open,Globex_to_Midnight,TWAP,Week bullish,59.7873,61.5297,57.993,1.7424,-1.7943,1.9804,-0.1861,1.7943,Below,1765,1714
ES,Train,Globex_Open,Globex_to_Midnight,TWAP,Weekly high Friday,35.9011,36.3739,35.4142,0.4728,-0.4869,1.4553,-0.9684,0.4869,Below,1765,1714
ES,Train,Globex_Open,Globex_to_Midnight,TWAP,Weekly low Monday,34.7801,35.6941,33.839,0.914,-0.9411,2.2414,-1.3003,0.9411,Below,1765,1714
ES,Train,Globex_Open,Globex_to_Midnight,VWAP,Next session bullish,54.606,53.5244,55.7118,-1.0816,1.1058,0.7426,0.3632,1.1058,Below,1758,1721
ES,Train,Globex_Open,Globex_to_Midnight,VWAP,Next session positive return,54.1822,53.1286,55.2586,-1.0536,1.0764,0.7046,0.3718,1.0764,Below,1758,1721
ES,Train,Globex_Open,Globex_to_Midnight,VWAP,Day bullish,54.5847,62.6849,46.3103,8.1002,-8.2744,10.0078,-1.7334,8.2744,Below,1758,1721
ES,Train,Globex_Open,Globex_to_Midnight,VWAP,Week bullish,59.7873,61.5472,57.9895,1.7599,-1.7978,1.9804,-0.1826,1.7978,Below,1758,1721
ES,Train,Globex_Open,Globex_to_Midnight,VWAP,Weekly high Friday,35.9011,36.4619,35.3283,0.5608,-0.5728,1.4553,-0.8825,0.5728,Below,1758,1721
ES,Train,Globex_Open,Globex_to_Midnight,VWAP,Weekly low Monday,34.7801,35.5518,33.9919,0.7717,-0.7882,2.2414,-1.4532,0.7882,Below,1758,1721
ES,OOS,NY_Midnight_Open,Midnight_to_0930,TWAP,Next session bullish,51.7668,50.8251,52.8517,-0.9417,1.0849,0.7547,0.3302,1.0849,Below,304,263
ES,OOS,NY_Midnight_Open,Midnight_to_0930,TWAP,Next session positive return,51.6755,50.6579,52.8517,-1.0176,1.1762,0.6634,0.5128,1.1762,Below,304,263
ES,OOS,NY_Midnight_Open,Midnight_to_0930,TWAP,Day bullish,55.3792,65.1316,44.1065,9.7524,-11.2727,15.7031,-4.4304,11.2727,Below,304,263
ES,OOS,NY_Midnight_Open,Midnight_to_0930,TWAP,Week bullish,59.2593,63.8158,53.9924,4.5565,-5.2669,5.4131,-0.1462,5.2669,Below,304,263
ES,OOS,NY_Midnight_Open,Midnight_to_0930,TWAP,Weekly high Friday,41.0935,44.7368,36.8821,3.6433,-4.2114,5.8708,-1.6594,4.2114,Below,304,263
ES,OOS,NY_Midnight_Open,Midnight_to_0930,TWAP,Weekly low Monday,42.6808,48.0263,36.5019,5.3455,-6.1789,5.8387,0.3402,6.1789,Below,304,263
ES,OOS,NY_Midnight_Open,Midnight_to_0930,VWAP,Next session bullish,51.7668,50.8143,52.8958,-0.9525,1.129,0.7547,0.3743,1.129,Below,308,259
ES,OOS,NY_Midnight_Open,Midnight_to_0930,VWAP,Next session positive return,51.6755,50.6494,52.8958,-1.0261,1.2203,0.6634,0.5569,1.2203,Below,308,259
ES,OOS,NY_Midnight_Open,Midnight_to_0930,VWAP,Day bullish,55.3792,65.9091,42.8571,10.5299,-12.5221,15.7031,-3.181,12.5221,Below,308,259
ES,OOS,NY_Midnight_Open,Midnight_to_0930,VWAP,Week bullish,59.2593,62.6623,55.2124,3.403,-4.0469,5.4131,-1.3662,4.0469,Below,308,259
ES,OOS,NY_Midnight_Open,Midnight_to_0930,VWAP,Weekly high Friday,41.0935,43.8312,37.8378,2.7377,-3.2557,5.8708,-2.6151,3.2557,Below,308,259
ES,OOS,NY_Midnight_Open,Midnight_to_0930,VWAP,Weekly low Monday,42.6808,47.7273,36.6795,5.0465,-6.0013,5.8387,0.1626,6.0013,Below,308,259
ES,Train,NY_Midnight_Open,Midnight_to_0930,TWAP,Next session bullish,54.4818,55.4301,53.3546,0.9483,-1.1272,0.9191,0.2081,1.1272,Below,1868,1578
ES,Train,NY_Midnight_Open,Midnight_to_0930,TWAP,Next session positive return,54.1497,55.1927,52.9151,1.043,-1.2346,1.0761,0.1585,1.2346,Below,1868,1578
ES,Train,NY_Midnight_Open,Midnight_to_0930,TWAP,Day bullish,54.7011,66.2741,41.0013,11.573,-13.6998,16.4783,-2.7785,13.6998,Below,1868,1578
ES,Train,NY_Midnight_Open,Midnight_to_0930,TWAP,Week bullish,59.5473,66.0064,51.9011,6.4591,-7.6462,9.0908,-1.4446,7.6462,Below,1868,1578
ES,Train,NY_Midnight_Open,Midnight_to_0930,TWAP,Weekly high Friday,35.6936,39.9893,30.6084,4.2957,-5.0852,6.5396,-1.4544,5.0852,Below,1868,1578
ES,Train,NY_Midnight_Open,Midnight_to_0930,TWAP,Weekly low Monday,34.7069,39.1328,29.4677,4.4259,-5.2392,6.5267,-1.2875,5.2392,Below,1868,1578
ES,Train,NY_Midnight_Open,Midnight_to_0930,VWAP,Next session bullish,54.4818,55.2376,53.5919,0.7558,-0.8899,0.9191,-0.0292,0.8899,Below,1860,1586
ES,Train,NY_Midnight_Open,Midnight_to_0930,VWAP,Next session positive return,54.1497,55.0,53.1526,0.8503,-0.9971,1.0761,-0.079,0.9971,Below,1860,1586
ES,Train,NY_Midnight_Open,Midnight_to_0930,VWAP,Day bullish,54.7011,67.7419,39.4073,13.0408,-15.2938,16.4783,-1.1845,15.2938,Below,1860,1586
ES,Train,NY_Midnight_Open,Midnight_to_0930,VWAP,Week bullish,59.5473,66.7742,51.0719,7.2269,-8.4754,9.0908,-0.6154,8.4754,Below,1860,1586
ES,Train,NY_Midnight_Open,Midnight_to_0930,VWAP,Weekly high Friday,35.6936,40.5914,29.9496,4.8978,-5.744,6.5396,-0.7956,5.744,Below,1860,1586
ES,Train,NY_Midnight_Open,Midnight_to_0930,VWAP,Weekly low Monday,34.7069,39.5161,29.0668,4.8092,-5.6401,6.5267,-0.8866,5.6401,Below,1860,1586
ES,OOS,NY_0930_Open,0930_to_1300,TWAP,Next session bullish,55.7798,55.7093,55.8594,-0.0705,0.0796,0.8742,-0.7946,0.0796,Below,303,264
ES,OOS,NY_0930_Open,0930_to_1300,TWAP,Next session positive return,53.6155,53.1353,54.1667,-0.4802,0.5512,1.366,-0.8148,0.5512,Below,303,264
ES,OOS,NY_0930_Open,0930_to_1300,TWAP,Day bullish,55.5556,72.6073,35.9848,17.0517,-19.5708,23.4523,-3.8815,19.5708,Below,303,264
ES,OOS,NY_0930_Open,0930_to_1300,TWAP,Week bullish,59.4356,64.3564,53.7879,4.9208,-5.6477,4.085,1.5627,5.6477,Below,303,264
ES,OOS,NY_0930_Open,0930_to_1300,TWAP,Weekly high Friday,41.2698,47.5248,34.0909,6.255,-7.1789,5.4764,1.7025,7.1789,Below,303,264
ES,OOS,NY_0930_Open,0930_to_1300,TWAP,Weekly low Monday,42.8571,47.5248,37.5,4.6677,-5.3571,5.9567,-0.5996,5.3571,Below,303,264
ES,OOS,NY_0930_Open,0930_to_1300,VWAP,Next session bullish,55.7798,55.2347,56.3433,-0.5451,0.5635,0.8742,-0.3107,0.5635,Below,291,276
ES,OOS,NY_0930_Open,0930_to_1300,VWAP,Next session positive return,53.6155,52.5773,54.7101,-1.0382,1.0946,1.366,-0.2714,1.0946,Below,291,276
ES,OOS,NY_0930_Open,0930_to_1300,VWAP,Day bullish,55.5556,72.5086,37.6812,16.953,-17.8744,23.4523,-5.5779,17.8744,Below,291,276
ES,OOS,NY_0930_Open,0930_to_1300,VWAP,Week bullish,59.4356,64.9485,53.6232,5.5129,-5.8124,4.085,1.7274,5.8124,Below,291,276
ES,OOS,NY_0930_Open,0930_to_1300,VWAP,Weekly high Friday,41.2698,47.7663,34.4203,6.4965,-6.8495,5.4764,1.3731,6.8495,Below,291,276
ES,OOS,NY_0930_Open,0930_to_1300,VWAP,Weekly low Monday,42.8571,47.7663,37.6812,4.9092,-5.1759,5.9567,-0.7808,5.1759,Below,291,276
ES,Train,NY_0930_Open,0930_to_1300,TWAP,Next session bullish,54.5697,56.3205,52.6414,1.7508,-1.9283,2.3573,-0.429,1.9283,Below,1831,1653
ES,Train,NY_0930_Open,0930_to_1300,TWAP,Next session positive return,52.9564,54.5057,51.2402,1.5493,-1.7162,2.3126,-0.5964,1.7162,Below,1831,1653
ES,Train,NY_0930_Open,0930_to_1300,TWAP,Day bullish,54.822,72.8564,34.8457,18.0344,-19.9763,22.6945,-2.7182,19.9763,Below,1831,1653
ES,Train,NY_0930_Open,0930_to_1300,TWAP,Week bullish,59.8163,66.1933,52.7526,6.377,-7.0637,8.7433,-1.6796,7.0637,Below,1831,1653
ES,Train,NY_0930_Open,0930_to_1300,TWAP,Weekly high Friday,35.907,41.562,29.6431,5.655,-6.2639,8.1326,-1.8687,6.2639,Below,1831,1653
ES,Train,NY_0930_Open,0930_to_1300,TWAP,Weekly low Monday,34.7302,40.6881,28.1307,5.9579,-6.5995,7.6916,-1.0921,6.5995,Below,1831,1653
ES,Train,NY_0930_Open,0930_to_1300,VWAP,Next session bullish,54.5697,56.1033,53.0113,1.5336,-1.5584,2.3573,-0.7989,1.5584,Below,1762,1722
ES,Train,NY_0930_Open,0930_to_1300,VWAP,Next session positive return,52.9564,54.2565,51.626,1.3001,-1.3304,2.3126,-0.9822,1.3304,Below,1762,1722
ES,Train,NY_0930_Open,0930_to_1300,VWAP,Day bullish,54.822,72.9285,36.295,18.1065,-18.527,22.6945,-4.1675,18.527,Below,1762,1722
ES,Train,NY_0930_Open,0930_to_1300,VWAP,Week bullish,59.8163,66.4586,53.0197,6.6423,-6.7966,8.7433,-1.9467,6.7966,Below,1762,1722
ES,Train,NY_0930_Open,0930_to_1300,VWAP,Weekly high Friday,35.907,41.7707,29.9071,5.8637,-5.9999,8.1326,-2.1327,5.9999,Below,1762,1722
ES,Train,NY_0930_Open,0930_to_1300,VWAP,Weekly low Monday,34.7302,41.1464,28.1649,6.4162,-6.5653,7.6916,-1.1263,6.5653,Below,1762,1722
ES,OOS,NY_1300_Open,1300_to_Close,TWAP,Next session bullish,,,,,,,,,n/a,305,246
ES,OOS,NY_1300_Open,1300_to_Close,TWAP,Next session positive return,0.0,0.0,0.0,0.0,0.0,0.0,0.0,0.0,Above,305,246
ES,OOS,NY_1300_Open,1300_to_Close,TWAP,Day bullish,55.3539,71.1475,35.7724,15.7936,-19.5815,18.4687,1.1128,19.5815,Below,305,246
ES,OOS,NY_1300_Open,1300_to_Close,TWAP,Week bullish,58.8022,68.8525,46.3415,10.0503,-12.4607,11.2612,1.1995,12.4607,Below,305,246
ES,OOS,NY_1300_Open,1300_to_Close,TWAP,Weekly high Friday,41.0163,47.8689,32.5203,6.8526,-8.496,6.5901,1.9059,8.496,Below,305,246
ES,OOS,NY_1300_Open,1300_to_Close,TWAP,Weekly low Monday,42.8312,48.1967,36.1789,5.3655,-6.6523,4.7164,1.9359,6.6523,Below,305,246
ES,OOS,NY_1300_Open,1300_to_Close,VWAP,Next session bullish,,,,,,,,,n/a,300,251
ES,OOS,NY_1300_Open,1300_to_Close,VWAP,Next session positive return,0.0,0.0,0.0,0.0,0.0,0.0,0.0,0.0,Above,300,251
ES,OOS,NY_1300_Open,1300_to_Close,VWAP,Day bullish,55.3539,70.6667,37.0518,15.3128,-18.3021,18.4687,-0.1666,18.3021,Below,300,251
ES,OOS,NY_1300_Open,1300_to_Close,VWAP,Week bullish,58.8022,68.6667,47.012,9.8645,-11.7902,11.2612,0.529,11.7902,Below,300,251
ES,OOS,NY_1300_Open,1300_to_Close,VWAP,Weekly high Friday,41.0163,49.0,31.4741,7.9837,-9.5422,6.5901,2.9521,9.5422,Below,300,251
ES,OOS,NY_1300_Open,1300_to_Close,VWAP,Weekly low Monday,42.8312,48.3333,36.255,5.5021,-6.5762,4.7164,1.8598,6.5762,Below,300,251
ES,Train,NY_1300_Open,1300_to_Close,TWAP,Next session bullish,,,,,,,,,n/a,1819,1590
ES,Train,NY_1300_Open,1300_to_Close,TWAP,Next session positive return,0.0,0.0,0.0,0.0,0.0,0.0,0.0,0.0,Above,1819,1590
ES,Train,NY_1300_Open,1300_to_Close,TWAP,Day bullish,54.8841,69.7086,37.9245,14.8245,-16.9596,21.3581,-4.3985,16.9596,Below,1819,1590
ES,Train,NY_1300_Open,1300_to_Close,TWAP,Week bullish,59.8416,66.63,52.0755,6.7884,-7.7661,8.4607,-0.6946,7.7661,Below,1819,1590
ES,Train,NY_1300_Open,1300_to_Close,TWAP,Weekly high Friday,35.993,41.2314,30.0,5.2384,-5.993,6.7701,-0.7771,5.993,Below,1819,1590
ES,Train,NY_1300_Open,1300_to_Close,TWAP,Weekly low Monday,34.8489,39.3623,29.6855,4.5134,-5.1634,5.6903,-0.5269,5.1634,Below,1819,1590
ES,Train,NY_1300_Open,1300_to_Close,VWAP,Next session bullish,,,,,,,,,n/a,1790,1619
ES,Train,NY_1300_Open,1300_to_Close,VWAP,Next session positive return,0.0,0.0,0.0,0.0,0.0,0.0,0.0,0.0,Above,1790,1619
ES,Train,NY_1300_Open,1300_to_Close,VWAP,Day bullish,54.8841,69.4972,38.7276,14.6131,-16.1565,21.3581,-5.2016,16.1565,Below,1790,1619
ES,Train,NY_1300_Open,1300_to_Close,VWAP,Week bullish,59.8416,66.2011,52.8104,6.3595,-7.0312,8.4607,-1.4295,7.0312,Below,1790,1619
ES,Train,NY_1300_Open,1300_to_Close,VWAP,Weekly high Friday,35.993,41.1173,30.3274,5.1243,-5.6656,6.7701,-1.1045,5.6656,Below,1790,1619
ES,Train,NY_1300_Open,1300_to_Close,VWAP,Weekly low Monday,34.8489,38.9944,30.2656,4.1455,-4.5833,5.6903,-1.107,4.5833,Below,1790,1619
NQ,OOS,Globex_Open,Globex_to_Midnight,TWAP,Next session bullish,54.2705,54.8701,53.5433,0.5996,-0.7272,0.4824,0.2448,0.7272,Below,311,257
NQ,OOS,Globex_Open,Globex_to_Midnight,TWAP,Next session positive return,53.6972,54.3408,52.9183,0.6436,-0.7789,0.4381,0.3408,0.7789,Below,311,257
NQ,OOS,Globex_Open,Globex_to_Midnight,TWAP,Day bullish,54.4014,63.9871,42.8016,9.5857,-11.5998,10.4164,1.1834,11.5998,Below,311,257
NQ,OOS,Globex_Open,Globex_to_Midnight,TWAP,Week bullish,57.9225,66.5595,47.4708,8.637,-10.4517,7.5466,2.9051,10.4517,Below,311,257
NQ,OOS,Globex_Open,Globex_to_Midnight,TWAP,Weekly high Friday,35.9155,42.7653,27.6265,6.8498,-8.289,6.2163,2.0727,8.289,Below,311,257
NQ,OOS,Globex_Open,Globex_to_Midnight,TWAP,Weekly low Monday,40.493,44.0514,36.1868,3.5584,-4.3062,2.1471,2.1591,4.3062,Below,311,257
NQ,OOS,Globex_Open,Globex_to_Midnight,VWAP,Next session bullish,54.2705,55.6667,52.6718,1.3962,-1.5987,0.4824,1.1163,1.5987,Below,303,265
NQ,OOS,Globex_Open,Globex_to_Midnight,VWAP,Next session positive return,53.6972,55.1155,52.0755,1.4183,-1.6217,0.4381,1.1836,1.6217,Below,303,265
NQ,OOS,Globex_Open,Globex_to_Midnight,VWAP,Day bullish,54.4014,65.0165,42.2642,10.6151,-12.1372,10.4164,1.7208,12.1372,Below,303,265
NQ,OOS,Globex_Open,Globex_to_Midnight,VWAP,Week bullish,57.9225,66.9967,47.5472,9.0742,-10.3753,7.5466,2.8287,10.3753,Below,303,265
NQ,OOS,Globex_Open,Globex_to_Midnight,VWAP,Weekly high Friday,35.9155,42.9043,27.9245,6.9888,-7.991,6.2163,1.7747,7.991,Below,303,265
NQ,OOS,Globex_Open,Globex_to_Midnight,VWAP,Weekly low Monday,40.493,44.2244,36.2264,3.7314,-4.2666,2.1471,2.1195,4.2666,Below,303,265
NQ,Train,Globex_Open,Globex_to_Midnight,TWAP,Next session bullish,55.2876,55.213,55.3679,-0.0746,0.0803,0.1956,-0.1153,0.0803,Below,1795,1674
NQ,Train,Globex_Open,Globex_to_Midnight,TWAP,Next session positive return,54.8573,54.8747,54.8387,0.0174,-0.0186,0.367,-0.3484,0.0186,Below,1795,1674
NQ,Train,Globex_Open,Globex_to_Midnight,TWAP,Day bullish,55.3474,63.1198,47.0131,7.7724,-8.3343,9.6557,-1.3214,8.3343,Below,1795,1674
NQ,Train,Globex_Open,Globex_to_Midnight,TWAP,Week bullish,58.8066,61.1699,56.2724,2.3633,-2.5342,3.4668,-0.9326,2.5342,Below,1795,1674
NQ,Train,Globex_Open,Globex_to_Midnight,TWAP,Weekly high Friday,34.8515,35.4875,34.1697,0.636,-0.6818,2.3879,-1.7061,0.6818,Below,1795,1674
NQ,Train,Globex_Open,Globex_to_Midnight,TWAP,Weekly low Monday,36.2064,37.7159,34.5878,1.5095,-1.6186,2.4079,-0.7893,1.6186,Below,1795,1674
NQ,Train,Globex_Open,Globex_to_Midnight,VWAP,Next session bullish,55.2876,55.2365,55.3421,-0.0511,0.0545,0.1956,-0.1411,0.0545,Below,1785,1684
NQ,Train,Globex_Open,Globex_to_Midnight,VWAP,Next session positive return,54.8573,54.958,54.7506,0.1007,-0.1067,0.367,-0.2603,0.1067,Below,1785,1684
NQ,Train,Globex_Open,Globex_to_Midnight,VWAP,Day bullish,55.3474,63.2493,46.9715,7.9019,-8.3759,9.6557,-1.2798,8.3759,Below,1785,1684
NQ,Train,Globex_Open,Globex_to_Midnight,VWAP,Week bullish,58.8066,61.3445,56.1164,2.5379,-2.6902,3.4668,-0.7766,2.6902,Below,1785,1684
NQ,Train,Globex_Open,Globex_to_Midnight,VWAP,Weekly high Friday,34.8515,35.7423,33.9074,0.8908,-0.9441,2.3879,-1.4438,0.9441,Below,1785,1684
NQ,Train,Globex_Open,Globex_to_Midnight,VWAP,Weekly low Monday,36.2064,37.535,34.7981,1.3286,-1.4083,2.4079,-0.9996,1.4083,Below,1785,1684
NQ,OOS,NY_Midnight_Open,Midnight_to_0930,TWAP,Next session bullish,53.1802,54.0,52.2556,0.8198,-0.9246,0.0552,0.8694,0.9246,Below,300,267
NQ,OOS,NY_Midnight_Open,Midnight_to_0930,TWAP,Next session positive return,53.0864,54.0,52.0599,0.9136,-1.0265,0.1681,0.8584,1.0265,Below,300,267
NQ,OOS,NY_Midnight_Open,Midnight_to_0930,TWAP,Day bullish,54.321,68.0,38.9513,13.679,-15.3697,16.9669,-1.5972,15.3697,Below,300,267
NQ,OOS,NY_Midnight_Open,Midnight_to_0930,TWAP,Week bullish,57.672,60.6667,54.3071,2.9947,-3.3649,5.921,-2.5561,3.3649,Below,300,267
NQ,OOS,NY_Midnight_Open,Midnight_to_0930,TWAP,Weekly high Friday,35.8025,37.0,34.4569,1.1975,-1.3456,3.8959,-2.5503,1.3456,Below,300,267
NQ,OOS,NY_Midnight_Open,Midnight_to_0930,TWAP,Weekly low Monday,40.2116,45.3333,34.4569,5.1217,-5.7547,7.9159,-2.1612,5.7547,Below,300,267
NQ,OOS,NY_Midnight_Open,Midnight_to_0930,VWAP,Next session bullish,53.1802,53.5948,52.6923,0.4146,-0.4879,0.0552,0.4327,0.4879,Below,306,261
NQ,OOS,NY_Midnight_Open,Midnight_to_0930,VWAP,Next session positive return,53.0864,53.5948,52.4904,0.5084,-0.596,0.1681,0.4279,0.596,Below,306,261
NQ,OOS,NY_Midnight_Open,Midnight_to_0930,VWAP,Day bullish,54.321,67.9739,38.3142,13.6529,-16.0068,16.9669,-0.9601,16.0068,Below,306,261
NQ,OOS,NY_Midnight_Open,Midnight_to_0930,VWAP,Week bullish,57.672,60.4575,54.4061,2.7855,-3.2659,5.921,-2.6551,3.2659,Below,306,261
NQ,OOS,NY_Midnight_Open,Midnight_to_0930,VWAP,Weekly high Friday,35.8025,37.2549,34.0996,1.4524,-1.7029,3.8959,-2.193,1.7029,Below,306,261
NQ,OOS,NY_Midnight_Open,Midnight_to_0930,VWAP,Weekly low Monday,40.2116,44.7712,34.8659,4.5596,-5.3457,7.9159,-2.5702,5.3457,Below,306,261
NQ,Train,NY_Midnight_Open,Midnight_to_0930,TWAP,Next session bullish,55.1274,56.2464,53.742,1.119,-1.3854,0.2282,1.1572,1.3854,Below,1746,1412
NQ,Train,NY_Midnight_Open,Midnight_to_0930,TWAP,Next session positive return,54.8132,55.9565,53.3994,1.1433,-1.4138,0.3304,1.0834,1.4138,Below,1746,1412
NQ,Train,NY_Midnight_Open,Midnight_to_0930,TWAP,Day bullish,55.3515,66.2658,41.8555,10.9143,-13.496,14.1101,-0.6141,13.496,Below,1746,1412
NQ,Train,NY_Midnight_Open,Midnight_to_0930,TWAP,Week bullish,58.8664,63.0011,53.7535,4.1347,-5.1129,5.763,-0.6501,5.1129,Below,1746,1412
NQ,Train,NY_Midnight_Open,Midnight_to_0930,TWAP,Weekly high Friday,34.6422,37.457,31.1615,2.8148,-3.4807,5.7456,-2.2649,3.4807,Below,1746,1412
NQ,Train,NY_Midnight_Open,Midnight_to_0930,TWAP,Weekly low Monday,36.1305,40.3207,30.949,4.1902,-5.1815,5.8546,-0.6731,5.1815,Below,1746,1412
NQ,Train,NY_Midnight_Open,Midnight_to_0930,VWAP,Next session bullish,55.1274,56.1089,53.9278,0.9815,-1.1996,0.2282,0.9714,1.1996,Below,1737,1421
NQ,Train,NY_Midnight_Open,Midnight_to_0930,VWAP,Next session positive return,54.8132,55.7858,53.6242,0.9726,-1.189,0.3304,0.8586,1.189,Below,1737,1421
NQ,Train,NY_Midnight_Open,Midnight_to_0930,VWAP,Day bullish,55.3515,67.5878,40.3941,12.2363,-14.9574,14.1101,0.8473,14.9574,Below,1737,1421
NQ,Train,NY_Midnight_Open,Midnight_to_0930,VWAP,Week bullish,58.8664,63.9609,52.639,5.0945,-6.2274,5.763,0.4644,6.2274,Below,1737,1421
NQ,Train,NY_Midnight_Open,Midnight_to_0930,VWAP,Weekly high Friday,34.6422,38.342,30.1196,3.6998,-4.5226,5.7456,-1.223,4.5226,Below,1737,1421
NQ,Train,NY_Midnight_Open,Midnight_to_0930,VWAP,Weekly low Monday,36.1305,40.7024,30.5419,4.5719,-5.5886,5.8546,-0.266,5.5886,Below,1737,1421
NQ,OOS,NY_0930_Open,0930_to_1300,TWAP,Next session bullish,55.2294,57.9505,52.2901,2.7211,-2.9393,3.6909,-0.7516,2.9393,Below,297,270
NQ,OOS,NY_0930_Open,0930_to_1300,TWAP,Next session positive return,53.0864,55.2189,50.7407,2.1325,-2.3457,3.0864,-0.7407,2.3457,Below,297,270
NQ,OOS,NY_0930_Open,0930_to_1300,TWAP,Day bullish,54.4974,75.0842,31.8519,20.5868,-22.6455,24.2735,-1.628,22.6455,Below,297,270
NQ,OOS,NY_0930_Open,0930_to_1300,TWAP,Week bullish,57.8483,66.33,48.5185,8.4817,-9.3298,5.6095,3.7203,9.3298,Below,297,270
NQ,OOS,NY_0930_Open,0930_to_1300,TWAP,Weekly high Friday,35.9788,42.7609,28.5185,6.7821,-7.4603,6.1281,1.3322,7.4603,Below,297,270
NQ,OOS,NY_0930_Open,0930_to_1300,TWAP,Weekly low Monday,40.388,47.138,32.963,6.75,-7.425,6.4328,0.9922,7.425,Below,297,270
NQ,OOS,NY_0930_Open,0930_to_1300,VWAP,Next session bullish,55.2294,58.1227,52.2388,2.8933,-2.9906,3.6909,-0.7003,2.9906,Below,291,276
NQ,OOS,NY_0930_Open,0930_to_1300,VWAP,Next session positive return,53.0864,55.3265,50.7246,2.2401,-2.3618,3.0864,-0.7246,2.3618,Below,291,276
NQ,OOS,NY_0930_Open,0930_to_1300,VWAP,Day bullish,54.4974,74.9141,32.971,20.4167,-21.5264,24.2735,-2.7471,21.5264,Below,291,276
NQ,OOS,NY_0930_Open,0930_to_1300,VWAP,Week bullish,57.8483,65.6357,49.6377,7.7874,-8.2106,5.6095,2.6011,8.2106,Below,291,276
NQ,OOS,NY_0930_Open,0930_to_1300,VWAP,Weekly high Friday,35.9788,42.9553,28.6232,6.9765,-7.3556,6.1281,1.2275,7.3556,Below,291,276
NQ,OOS,NY_0930_Open,0930_to_1300,VWAP,Weekly low Monday,40.388,47.079,33.3333,6.691,-7.0547,6.4328,0.6219,7.0547,Below,291,276
NQ,Train,NY_0930_Open,0930_to_1300,TWAP,Next session bullish,54.4809,56.169,52.6152,1.6881,-1.8657,1.4944,0.3713,1.8657,Below,1826,1658
NQ,Train,NY_0930_Open,0930_to_1300,TWAP,Next session positive return,52.8703,54.6002,50.965,1.7299,-1.9053,1.5004,0.4049,1.9053,Below,1826,1658
NQ,Train,NY_0930_Open,0930_to_1300,TWAP,Day bullish,55.7979,76.7798,32.69,20.9819,-23.1079,24.9137,-1.8058,23.1079,Below,1826,1658
NQ,Train,NY_0930_Open,0930_to_1300,TWAP,Week bullish,58.9265,66.8675,50.1809,7.941,-8.7456,10.1718,-1.4262,8.7456,Below,1826,1658
NQ,Train,NY_0930_Open,0930_to_1300,TWAP,Weekly high Friday,34.845,40.1424,29.0109,5.2974,-5.8341,7.0741,-1.24,5.8341,Below,1826,1658
NQ,Train,NY_0930_Open,0930_to_1300,TWAP,Weekly low Monday,36.3375,42.2234,29.8552,5.8859,-6.4823,7.6949,-1.2126,6.4823,Below,1826,1658
NQ,Train,NY_0930_Open,0930_to_1300,VWAP,Next session bullish,54.4809,56.9364,51.9079,2.4555,-2.573,1.4944,1.0786,2.573,Below,1780,1704
NQ,Train,NY_0930_Open,0930_to_1300,VWAP,Next session positive return,52.8703,55.3371,50.2934,2.4668,-2.5769,1.5004,1.0765,2.5769,Below,1780,1704
NQ,Train,NY_0930_Open,0930_to_1300,VWAP,Day bullish,55.7979,77.0787,33.5681,21.2808,-22.2298,24.9137,-2.6839,22.2298,Below,1780,1704
NQ,Train,NY_0930_Open,0930_to_1300,VWAP,Week bullish,58.9265,67.0787,50.4108,8.1522,-8.5157,10.1718,-1.6561,8.5157,Below,1780,1704
NQ,Train,NY_0930_Open,0930_to_1300,VWAP,Weekly high Friday,34.845,40.8427,28.5798,5.9977,-6.2652,7.0741,-0.8089,6.2652,Below,1780,1704
NQ,Train,NY_0930_Open,0930_to_1300,VWAP,Weekly low Monday,36.3375,42.809,29.5775,6.4715,-6.76,7.6949,-0.9349,6.76,Below,1780,1704
NQ,OOS,NY_1300_Open,1300_to_Close,TWAP,Next session bullish,,,,,,,,,n/a,293,258
NQ,OOS,NY_1300_Open,1300_to_Close,TWAP,Next session positive return,0.0,0.0,0.0,0.0,0.0,0.0,0.0,0.0,Above,293,258
NQ,OOS,NY_1300_Open,1300_to_Close,TWAP,Day bullish,54.4465,66.8942,40.3101,12.4477,-14.1364,17.4546,-3.3182,14.1364,Below,293,258
NQ,OOS,NY_1300_Open,1300_to_Close,TWAP,Week bullish,57.1688,64.5051,48.8372,7.3363,-8.3316,10.0143,-1.6827,8.3316,Below,293,258
NQ,OOS,NY_1300_Open,1300_to_Close,TWAP,Weekly high Friday,35.7532,42.3208,28.2946,6.5676,-7.4586,8.1109,-0.6523,7.4586,Below,293,258
NQ,OOS,NY_1300_Open,1300_to_Close,TWAP,Weekly low Monday,40.4719,46.0751,34.1085,5.6032,-6.3634,7.9516,-1.5882,6.3634,Below,293,258
NQ,OOS,NY_1300_Open,1300_to_Close,VWAP,Next session bullish,,,,,,,,,n/a,284,267
NQ,OOS,NY_1300_Open,1300_to_Close,VWAP,Next session positive return,0.0,0.0,0.0,0.0,0.0,0.0,0.0,0.0,Above,284,267
NQ,OOS,NY_1300_Open,1300_to_Close,VWAP,Day bullish,54.4465,66.9014,41.1985,12.4549,-13.248,17.4546,-4.2066,13.248,Below,284,267
NQ,OOS,NY_1300_Open,1300_to_Close,VWAP,Week bullish,57.1688,65.1408,48.6891,7.972,-8.4797,10.0143,-1.5346,8.4797,Below,284,267
NQ,OOS,NY_1300_Open,1300_to_Close,VWAP,Weekly high Friday,35.7532,43.3099,27.7154,7.5567,-8.0378,8.1109,-0.0731,8.0378,Below,284,267
NQ,OOS,NY_1300_Open,1300_to_Close,VWAP,Weekly low Monday,40.4719,46.1268,34.4569,5.6549,-6.015,7.9516,-1.9366,6.015,Below,284,267
NQ,Train,NY_1300_Open,1300_to_Close,TWAP,Next session bullish,,,,,,,,,n/a,1815,1593
NQ,Train,NY_1300_Open,1300_to_Close,TWAP,Next session positive return,0.0,0.0,0.0,0.0,0.0,0.0,0.0,0.0,Above,1815,1593
NQ,Train,NY_1300_Open,1300_to_Close,TWAP,Day bullish,55.8392,71.2397,38.2925,15.4005,-17.5467,21.6457,-4.099,17.5467,Below,1815,1593
NQ,Train,NY_1300_Open,1300_to_Close,TWAP,Week bullish,58.8908,65.0689,51.8519,6.1781,-7.0389,9.3424,-2.3035,7.0389,Below,1815,1593
NQ,Train,NY_1300_Open,1300_to_Close,TWAP,Weekly high Friday,34.8298,39.3939,29.6296,4.5641,-5.2002,6.5072,-1.307,5.2002,Below,1815,1593
NQ,Train,NY_1300_Open,1300_to_Close,TWAP,Weekly low Monday,36.5023,40.6061,31.8267,4.1038,-4.6756,6.1797,-1.5041,4.6756,Below,1815,1593
NQ,Train,NY_1300_Open,1300_to_Close,VWAP,Next session bullish,,,,,,,,,n/a,1793,1615
NQ,Train,NY_1300_Open,1300_to_Close,VWAP,Next session positive return,0.0,0.0,0.0,0.0,0.0,0.0,0.0,0.0,Above,1793,1615
NQ,Train,NY_1300_Open,1300_to_Close,VWAP,Day bullish,55.8392,71.2214,38.7616,15.3822,-17.0776,21.6457,-4.5681,17.0776,Below,1793,1615
NQ,Train,NY_1300_Open,1300_to_Close,VWAP,Week bullish,58.8908,65.0864,52.0124,6.1956,-6.8784,9.3424,-2.464,6.8784,Below,1793,1615
NQ,Train,NY_1300_Open,1300_to_Close,VWAP,Weekly high Friday,34.8298,39.2638,29.9071,4.434,-4.9227,6.5072,-1.5845,4.9227,Below,1793,1615
NQ,Train,NY_1300_Open,1300_to_Close,VWAP,Weekly low Monday,36.5023,40.435,32.1362,3.9327,-4.3661,6.1797,-1.8136,4.3661,Below,1793,1615
